<?xml version="1.0" encoding="UTF-8"?>
<project-private xmlns="http://www.netbeans.org/ns/project-private/1">
    <editor-bookmarks xmlns="http://www.netbeans.org/ns/editor-bookmarks/2" lastBookmarkId="0"/>
    <open-files xmlns="http://www.netbeans.org/ns/projectui-open-files/2">
        <group>
            <file>file:/C:/Users/vanes/OneDrive/Documentos/GitHub/ProyectoDTIVillalobos47/VILLALOBOS%20SA%20de%20CV/web/editar.jsp</file>
            <file>file:/C:/Users/vanes/OneDrive/Documentos/GitHub/ProyectoDTIVillalobos47/VILLALOBOS%20SA%20de%20CV/web/alta.jsp</file>
            <file>file:/C:/Users/vanes/OneDrive/Documentos/GitHub/ProyectoDTIVillalobos47/VILLALOBOS%20SA%20de%20CV/web/index.jsp</file>
            <file>file:/C:/Users/vanes/OneDrive/Documentos/GitHub/ProyectoDTIVillalobos47/VILLALOBOS%20SA%20de%20CV/web/conexion.jsp</file>
            <file>file:/C:/Users/vanes/OneDrive/Documentos/GitHub/ProyectoDTIVillalobos47/VILLALOBOS%20SA%20de%20CV/web/eliminar.jsp</file>
        </group>
    </open-files>
</project-private>
